{"options":{"limits":[25,50,75,100],"payPal":"BGWG9R5LBNECY","userVoice":{"forum":153772,"id":"fULnUrbj6VShgsRRZ5EQ3g"}},"services":{"bitly":{"api_key":"R_3d329d57204e4d01a0b7634a021d7006","client_id":"deb9b5c6c0c5928674a0601691e404b1de021f0f","client_secret":"9f0352d25dabc8bf4e087fccda40d6b2971e7ae7","login":"templateextension","url":"https://api-ssl.bitly.com/v3/shorten"},"googl":{"api_key":"AIzaSyD504IwHeL3V2aw6ZGYQRgwWnJ38jNl2MY","api_scope":"https://www.googleapis.com/auth/urlshortener","client_id":"962266498046.apps.googleusercontent.com","client_secret":"D15W+qUHliax3uFu1JVpTCSg","url":"https://www.googleapis.com/urlshortener/v1/url"}},"icons":{"current":["adjust","align-center","align-justify","align-left","align-right","arrow-down","arrow-left","arrow-right","arrow-up","asterisk","backward","ban-circle","barcode","bell","bold","book","bookmark","briefcase","bullhorn","calendar","camera","certificate","check","chevron-down","chevron-left","chevron-right","chevron-up","circle-arrow-down","circle-arrow-left","circle-arrow-right","circle-arrow-up","cog","comment","download","download-alt","edit","eject","envelope","exclamation-sign","eye-close","eye-open","facetime-video","fast-backward","fast-forward","file","film","filter","fire","flag","folder-close","folder-open","font","forward","fullscreen","gift","glass","globe","hand-down","hand-left","hand-right","hand-up","hdd","headphones","heart","home","inbox","indent-left","indent-right","info-sign","italic","leaf","list","list-alt","lock","magnet","map-marker","minus","minus-sign","move","music","off","ok","ok-circle","ok-sign","pause","pencil","picture","plane","play","play-circle","plus","plus-sign","print","qrcode","question-sign","random","refresh","remove","remove-circle","remove-sign","repeat","resize-full","resize-horizontal","resize-small","resize-vertical","retweet","road","screenshot","search","share","share-alt","shopping-cart","signal","star","star-empty","step-backward","step-forward","stop","tag","tags","tasks","text-height","text-width","th","th-large","th-list","thumbs-down","thumbs-up","time","tint","trash","upload","user","volume-down","volume-off","volume-up","warning-sign","wrench","zoom-in","zoom-out"],"legacy":[{"name":"tmpl_auction","icon":"shopping-cart"},{"name":"tmpl_bug","icon":"wrench"},{"name":"tmpl_clipboard","icon":"folder-open"},{"name":"tmpl_clipboard_empty","icon":"folder-close"},{"name":"tmpl_component","icon":"th-large"},{"name":"tmpl_cookies","icon":"certificate"},{"name":"tmpl_discussion","icon":"comment"},{"name":"tmpl_globe","icon":"globe"},{"name":"tmpl_google","icon":"briefcase"},{"name":"tmpl_heart","icon":"heart"},{"name":"tmpl_html","icon":"font"},{"name":"tmpl_key","icon":"lock"},{"name":"tmpl_lightbulb","icon":"star-empty"},{"name":"tmpl_lighthouse","icon":"road"},{"name":"tmpl_lightning","icon":"star"},{"name":"tmpl_link","icon":"tag"},{"name":"tmpl_linux","icon":"briefcase"},{"name":"tmpl_mail","icon":"envelope"},{"name":"tmpl_newspaper","icon":"bullhorn"},{"name":"tmpl_note","icon":"inbox"},{"name":"tmpl_page","icon":"file"},{"name":"tmpl_plugin","icon":"leaf"},{"name":"tmpl_rss","icon":"signal"},{"name":"tmpl_script","icon":"file"},{"name":"tmpl_scull","icon":"fire"},{"name":"tmpl_sign","icon":"briefcase"},{"name":"tmpl_siren","icon":"bell"},{"name":"tmpl_star","icon":"star"},{"name":"tmpl_support","icon":"question-sign"},{"name":"tmpl_tag","icon":"tag"},{"name":"tmpl_tags","icon":"tags"},{"name":"tmpl_thumb_down","icon":"thumbs-down"},{"name":"tmpl_thumb_up","icon":"thumbs-up"},{"name":"tmpl_tools","icon":"wrench"}]}}