{"options":{"limits":[25,50,75,100],"tabs":[{"id":"general","headerKey":"opt_general_header"},{"id":"templates","headerKey":"opt_template_header"},{"id":"shorteners","headerKey":"opt_url_shortener_header"},{"id":"guide","headerKey":"opt_guide_header"}]},"services":{"bitly":{"api_key":"R_91eabef2f32d88c07b197c9d69eed516","client_id":"deb9b5c6c0c5928674a0601691e404b1de021f0f","client_secret":"d864c9a5ba89e1fc7af5d1c500a63c9232dca331","login":"templateextension","url":"https://api-ssl.bitly.com/v3/shorten"},"googl":{"api_key":"AIzaSyD504IwHeL3V2aw6ZGYQRgwWnJ38jNl2MY","api_scope":"https://www.googleapis.com/auth/urlshortener","client_id":"962266498046.apps.googleusercontent.com","client_secret":"D15W+qUHliax3uFu1JVpTCSg","url":"https://www.googleapis.com/urlshortener/v1/url"}}}